id,name,sex,type,term_of_office,prior_role,after_role,party,medium_type,cabinet,medium,ministry
2d,Oliver Platzer,1,1,2007 bis jetzt,"1, 2, 6",NA,Union,"1, 2",NA,"SZ, Berliner Morgenpost, PNP, Lokalzeitungen",Innenministerium
3d,Florian Kraku,1,1,NA,NA,NA,NA,NA,NA,NA,Innenministerium
4d,Verena Gros,2,1,2020 bis jetzt,NA,NA,NA,NA,NA,NA,Innenministerium
5d,Anna-Magdalena Haßkerl,2,1,NA,NA,NA,NA,NA,NA,NA,Innenministerium
6d,Innenministerium,NA,2,NA,NA,NA,NA,NA,NA,NA,Innenministerium
7d,Simon Schmaußer,1,1,2020 bis jetzt,"2, 6",NA,Union,2,NA,"intv, Oberpfalz TV, TVA Ostbayern","Wohnen, Bau und Verkehr"
8d,Christian Wiesbacher,1,1,2019 bis jetzt,"2, 3",NA,NA,2,NA,"SAT1, N24","Wohnen, Bau und Verkehr"
9d,Tobias Nagler,1,1,2023 bis jetzt,"2, 3, 4, 5",NA,NA,2,NA,"Landshuter Zeitung, Verlag Die Abendzeitung GmbH & Co.KG","Wohnen, Bau und Verkehr"
10d,Johanna Meier,2,1,2024 bis jetzt,"5, 6",NA,NA,NA,NA,NA,"Wohnen, Bau und Verkehr"
11d,Daniela Schürf,2,1,2017 bis 2019,"4, 5, 6",6,NA,NA,NA,NA,"Wohnen, Bau und Verkehr"
12d,Kathrin Fändrich,2,1,2023 bis 2025,"5, 6",3,NA,NA,NA,NA,"Wohnen, Bau und Verkehr"
13d,Corinna Korn,2,1,2018 bis heute,"2, 4",NA,NA,2,NA,PNP,"Wohnen, Bau und Verkehr"
14d,Thomas Harant,1,1,NA,NA,NA,NA,NA,NA,NA,"Wohnen, Bau und Verkehr"
15d,Caroline Lang,2,1,NA,NA,NA,NA,NA,NA,NA,"Wohnen, Bau und Verkehr"
16d,Pinar Tiki,2,1,NA,NA,NA,NA,NA,NA,NA,"Wohnen, Bau und Verkehr"
17d,"Wohnen, Bau und Verkehr",NA,2,NA,NA,NA,NA,NA,NA,NA,"Wohnen, Bau und Verkehr"
18d,Dr. Andrea Leonhardt,2,1,2020 bis jetzt,"5, 6",NA,Union,NA,NA,NA,Justizministerium
19d,Dr. Thomas Pfeiffer,1,1,NA,NA,NA,NA,NA,NA,NA,Justizministerium
20d,Dr. Ingo Krist,1,1,NA,5,5,NA,NA,NA,NA,Justizministerium
21d,Dr. Philipp Linden,1,1,NA,NA,NA,NA,NA,NA,NA,Justizministerium
22d,Dr. Anja Hofmann,2,1,NA,NA,NA,NA,NA,NA,NA,Justizministerium
23d,Dr. Martin Bauer,1,1,2019 bis 2020,NA,NA,NA,NA,NA,NA,Justizministerium
24d,Ulrike Roider,2,1,2020 bis 2021,NA,NA,NA,NA,NA,NA,Justizministerium
25d,Justizministerium,NA,2,NA,NA,NA,NA,NA,NA,NA,Justizministerium
26d,Daniel Otto,1,1,2018 bis jetzt,"2, 5",NA,NA,2,NA,Münchner Merkur TZ,Kultusministerium
27d,Stephanie Neumeier,2,1,2022 bis jetzt,"1, 2, 3, 4, 6",NA,NA,"1, 2",NA,"BR, IHK Schwaben, Springer Fachmedien München",Kultusministerium
28d,Carolin Schackert,2,1,2024 bis jetzt,"3, 5",NA,NA,NA,NA,NA,Kultusministerium
29d,Tobias Baumann,1,1,2024 bis jetzt,5,NA,NA,NA,NA,NA,Kultusministerium
30d,Alexander Bayerle,1,1,2024 bis jetzt,"1, 5",NA,NA,1,NA,BR,Kultusministerium
31d,Diana Hessing,2,1,NA,NA,NA,NA,NA,NA,NA,Kultusministerium
32d,Kultusministerium,NA,2,NA,NA,NA,NA,NA,NA,NA,Kultusministerium
33d,Kathrin Ann Gallitz,2,1,2018 bis jetzt,"5, 6",NA,NA,NA,NA,NA,"Wissenschaft, Kunst"
34d,Michael Becker,1,1,2021 bis jetzt,"5, 2",NA,NA,2,NA,dpa,"Wissenschaft, Kunst"
35d,Christian Betz,1,1,2025 bis jetzt,"1, 2, 5",NA,NA,"1, 2",NA,"ZDF, SZ, BUNTE, 3Sat, Sat1, Focus TV","Wissenschaft, Kunst"
36d,Philipp Spörlein,1,1,2021 bis jetzt,5,NA,NA,NA,NA,NA,"Wissenschaft, Kunst"
37d,Helena Barsig,2,1,NA,NA,NA,NA,NA,NA,NA,"Wissenschaft, Kunst"
38d,"Wissenschaft, Kunst",NA,2,NA,NA,NA,NA,NA,NA,NA,"Wissenschaft, Kunst"
39d,Dennis Drescher,1,1,2020 bis jetzt,6,NA,NA,NA,NA,NA,Finanz und Heimat
40d,Marie-Therese Kummer,2,1,NA,NA,NA,NA,NA,NA,NA,Finanz und Heimat
41d,Wolfgang Zahn,1,1,2020 bis jetzt,"4, 5",NA,NA,NA,NA,NA,Finanz und Heimat
42d,Christina Fröhlich,2,1,NA,NA,NA,NA,NA,NA,NA,Finanz und Heimat
43d,Morena Brunner,2,1,NA,NA,NA,NA,NA,NA,NA,Finanz und Heimat
44d,Nicole Miller,2,1,NA,NA,NA,NA,NA,NA,NA,Finanz und Heimat
45d,Sandra Kendel,2,1,NA,NA,NA,NA,NA,NA,NA,Finanz und Heimat
46d,Dr. Stefanie Baur-Rückert,2,1,2017 bis 2019,"3, 4, 5, 6",5,NA,NA,NA,NA,Finanz und Heimat
48d,Finanz und Heimat,NA,2,NA,NA,NA,NA,NA,NA,NA,Finanz und Heimat
49d,Jürgen Marks,1,1,2019 bis jetzt,2,NA,NA,2,NA,"Augsburger Allgemeine, Focus Online, Focus Magazin, Die Welt, Berliner Morgenpost, Emder Zeitung","Wirtschaft, Landesentwicklung und Energie"
50d,Aaron Gottardi,1,1,2019 bis jetzt,"4, 5",NA,NA,NA,NA,NA,"Wirtschaft, Landesentwicklung und Energie"
51d,Dr. Aneta Ufert,2,1,2021 bis jetzt,"5, 6",NA,NA,NA,NA,NA,"Wirtschaft, Landesentwicklung und Energie"
52d,Tanja Gabler,2,1,2020 bis jetzt,"2, 4, 5",NA,NA,2,NA,"Internet World Business, Focus Digital, Münchner Merkur","Wirtschaft, Landesentwicklung und Energie"
53d,Franziska Meinl,2,1,2024 bis jetzt,4,NA,NA,NA,NA,NA,"Wirtschaft, Landesentwicklung und Energie"
54d,Bastian Brummer,1,1,2024 bis jetzt,"2, 5",NA,NA,2,NA,Mayer & Söhne Druck- und Mediengruppe GmbH & Co. KG,"Wirtschaft, Landesentwicklung und Energie"
55d,Katrin van Randenborgh,2,1,2014 bis 2018,"2, 6",4,NA,2,NA,Focus Magazin,"Wirtschaft, Landesentwicklung und Energie"
56d,Florian Baumann,1,1,2015 bis 2018,"1, 2. 5","4, 5, 6",NA,"1,2",NA,"SZ, BR","Wirtschaft, Landesentwicklung und Energie"
57d,Thomas Assenbrunner,1,1,2020 bis 2023,"2, 5, 6",4,NA,2,NA,"Eurosport, Sky, Donaukurier","Wirtschaft, Landesentwicklung und Energie"
58d,Karl Ilgenfritz,1,1,2019 bis 2023,"3, 5, 6",5,NA,NA,NA,NA,"Wirtschaft, Landesentwicklung und Energie"
59d,Angela Back,2,1,2017 bis 2021,"2, 5",6,NA,2,NA,"Mediengruppe Main-Post GmbH, Radio PrimaTon","Wirtschaft, Landesentwicklung und Energie"
60d,"Wirtschaft, Landesentwicklung und Energie",NA,2,NA,NA,NA,NA,NA,NA,NA,"Wirtschaft, Landesentwicklung und Energie"
61d,Dr. Thomas Marzahn,1,1,NA,NA,NA,NA,NA,NA,NA,Umwelt und Verbraucherschutz
62d,Christina Centner,2,1,NA,NA,NA,NA,NA,NA,NA,Umwelt und Verbraucherschutz
63d,Veronika Seitz,2,1,NA,NA,NA,NA,NA,NA,NA,Umwelt und Verbraucherschutz
64d,Corinna Specker,2,1,2021 bis jetzt,5,NA,NA,NA,NA,NA,Umwelt und Verbraucherschutz
65d,Umwelt und Verbraucherschutz,NA,2,NA,NA,NA,NA,NA,NA,NA,Umwelt und Verbraucherschutz
66d,Franz Stangl,1,1,2020 bis jetzt,6,NA,NA,NA,NA,NA,"Ernährung, Landwirtschaft, Forst, Tourismus"
67d,Simon Springer,1,1,NA,NA,NA,NA,NA,NA,NA,"Ernährung, Landwirtschaft, Forst, Tourismus"
68d,Katharina Mader,2,1,2021 bis jetzt,"4, 5",NA,NA,NA,NA,NA,"Ernährung, Landwirtschaft, Forst, Tourismus"
69d,Martin Hecht,1,1,2004 bis 2024,2,6,NA,2,NA,"Report Wirtschaftsmagazin, Landshuter Zeitung, Heinrich Bauer Verlag, Gong Verlag","Ernährung, Landwirtschaft, Forst, Tourismus"
70d,"Ernährung, Landwirtschaft, Forst, Tourismus",NA,2,NA,NA,NA,NA,NA,NA,NA,"Ernährung, Landwirtschaft, Forst, Tourismus"
71d,Hans Moritz,1,1,2024 bis jetzt,"2, 5",NA,NA,2,NA,"Münchner Merkur TZ, Isar-Loisachbote, Murnauer Tagblatt, Tölzer Kurier","Familie, Arbeit und Soziales"
72d,Beryll Kunert,2,1,2020 bis jetzt,"2, 4",NA,NA,2,NA,PNP,"Familie, Arbeit und Soziales"
73d,Katrin Mulzer,2,1,2021 bis jetzt,"2, 4",NA,NA,2,NA,NA,"Familie, Arbeit und Soziales"
74d,Hanni Kinadeter,2,1,NA,NA,NA,NA,NA,NA,NA,"Familie, Arbeit und Soziales"
75d,Marion Gehlert,2,1,2015 bis jetzt,2,NA,NA,2,NA,"München TV, Sat1","Familie, Arbeit und Soziales"
76d,Sebastian Kraft,1,1,2020 bis 2024,"1, 6",6,Union,1,NA,"ARD, BR, ZDF","Familie, Arbeit und Soziales"
77d,"Familie, Arbeit und Soziales",NA,2,NA,NA,NA,NA,NA,NA,NA,"Familie, Arbeit und Soziales"
78d,Jörg Säuberlich,1,1,2014 bis jetzt,NA,NA,NA,NA,NA,NA,"Gesundheit, Pflege und Prävention"
79d,Bettina Dobe,2,1,2022 bis jetzt,"2, 3, 4, 6",NA,NA,2,NA,"SZ, Münchner Merkur, Wort und Bild Verlag","Gesundheit, Pflege und Prävention"
80d,Marinus Riedl,1,1,2023 bis jetzt,"1, 2",NA,NA,"1, 2",NA,"BR, OVB24, München Live TV, SAT1","Gesundheit, Pflege und Prävention"
81d,Sarah Gairing,2,1,2025 bis jetzt,"2, 4, 5",NA,NA,2,NA,"ARTE, UTOPIA","Gesundheit, Pflege und Prävention"
82d,Stefanie Nejedlo,2,1,NA,3,NA,Union,NA,NA,NA,"Gesundheit, Pflege und Prävention"
83d,Thomas Körbel,1,1,2020 bis jetzt,"2, 6",NA,NA,2,NA,"dpa, Agence France Presse","Gesundheit, Pflege und Prävention"
84d,Udo Lippert,1,1,2024 bis jetzt,"4, 5",NA,NA,NA,NA,NA,"Gesundheit, Pflege und Prävention"
85d,Margarete Beck,2,1,2014 bis jetzt,NA,NA,NA,NA,NA,Na,"Gesundheit, Pflege und Prävention"
86d,Julius Müller,1,1,2020 bis 2024,NA,6,NA,NA,NA,NA,"Gesundheit, Pflege und Prävention"
87d,Sabine Grüneberg,2,1,2018 bis 2021,"1, 2, 4","4, 6",NA,"1, 2",NA,"Handelsblatt, ZDF, RTL","Gesundheit, Pflege und Prävention"
88d,Verena Emmer,2,1,2013 bis jetzt,"1, 2, 5",NA,NA,"1, 2",NA,"Hubert Burda, Saarländischer Rundfunk, Garmisch Patenkirchner Tagblatt, BR, Augsburger Allgemeine","Gesundheit, Pflege und Prävention"
89d,Ute Möller,2,1,2021 bis 2021,2,"2, 3",Grüne,2,NA,"Verlag Nürnberger Presse, Flamingo und Dosenbier.de","Gesundheit, Pflege und Prävention"
90d,Henning Brinkmann,1,1,2021 bis 2023,"2, 6",6,NA,2,NA,MDHL,"Gesundheit, Pflege und Prävention"
91d,Dr. Harald Heckl,1,1,2024 bis 2024,"2, 4","2, 5",NA,2,NA,"Bistum Eichstätt, Katholische Universität Eichstätt-Ingolstadt","Gesundheit, Pflege und Prävention"
92d,"Gesundheit, Pflege und Prävention",NA,2,NA,NA,NA,NA,NA,NA,NA,"Gesundheit, Pflege und Prävention"
93d,Maximilian Mittereder,1,1,2024 bis jetzt,"3, 4, 5",NA,NA,NA,NA,NA,Digitales
94d,Quirin Zallinger,1,1,2018 bis 2020,6,6,NA,NA,NA,NA,Digitales
95d,Hans Oberberger,1,1,2020 bis 2024,"2, 3",NA,NA,2,NA,Antenne Bayern,Digitales
96d,Ludwig Reicherstorfer,1,1,2022 bis 2023,"3, 5, 6",6,NA,NA,NA,NA,Digitales
97d,Digitales,NA,2,NA,NA,NA,NA,NA,NA,NA,Digitales
98d,Natascha Grünpeter,2,1,2015 bis 2018,6,6,NA,NA,"Seehofer2, Söder1",NA,Staatskanzlei
99d,Wolfgang Wittl,1,1,2020 bis jetzt,2,NA,NA,2,"Söder2, Söder3",SZ,Staatskanzlei
100d,Tanja Sterian,2,1,2018 bis jetzt,"2, 3, 6",NA,Union,2,"Söder2, Söder3","Union Report, Franken TV",Staatskanzlei
101d,Dr. Eva-Maria Unger,2,1,NA,NA,NA,NA,NA,"Söder2, Söder3",NA,Staatskanzlei
102d,Sebastian Dorn,1,1,2019 bis jetzt,"2, 6",NA,Union,2,"Söder2, Söder3","Münchner Zeitungs-Verlag GmbH & Co. KG, Zeitungsverlag Oberbayern GmbH & Co. KG",Staatskanzlei
103d,Volker Elerkmann,1,1,2019 bis jetzt,"4, 6",NA,NA,NA,"Söder2, Söder3",NA,Staatskanzlei
104d,Dr. Boris Niklas,1,1,2019 bis jetzt,"3, 5",NA,NA,NA,"Söder2, Söder3",NA,Staatskanzlei
105d,Dr. Anton Preis,1,1,2019 bis jetzt,"2, 5, 6",NA,NA,2,"Söder2, Söder3","Verlagsgruppe Straubinger Tagblatt/Landshuter Zeitung, Zeitschrift für Controlling und Management",Staatskanzlei
106d,Rainer Riedel,1,1,2008 bis 2020,3,NA,NA,NA,"Seehofer1, Seehofer2, Söder1, Söder2",NA,Staatskanzlei
107d,Hannah-Sophie Aures,2,1,2022 bis 2024,5,5,NA,NA,"Söder2, Söder3",NA,Staatskanzlei
108d,Staatskanzlei,NA,2,NA,NA,NA,NA,NA,Söder3,NA,Staatskanzlei
109d,Caroline Kubon,2,1,2020 bis jetzt,1,NA,NA,1,"Söder2, Söder3","NDR, ARD",Bayrischer Landtag
110d,Alice Marina Hensel,2,1,2014 bis jetzt,5,NA,NA,NA,"Seehofer2, Söder1, Söder2, Söder3",NA,Bayrischer Landtag
111d,Peter Ringlstetter,1,1,NA,NA,NA,NA,NA,NA,NA,Bayrischer Landtag
112d,Sonja Mutke,2,1,NA,NA,NA,NA,NA,NA,NA,Bayrischer Landtag
113d,Eric Markuse,1,1,2018 bis jetzt,"1, 2, 6",NA,NA,"1, 2","Söder2, Söder3","Morgenpost Verlag GmbH, MDR, Axel Springer",Bayrischer Landtag
114d,Bastian Karl,1,1,2019 bis jetzt,2,NA,NA,2,"Söder2, Söder3","Niederbayern TV, Bistum Passau, Bild, Axel Springer",Bayrischer Landtag
115d,Bayrischer Landtag,NA,2,NA,NA,NA,NA,NA,NA,NA,Bayrischer Landtag
116d,Kabinett Seehofer1,NA,4,2008 bis 2013,NA,NA,Union,NA,Seehofer1,NA,NA
117d,Kabinett Seehofer2,NA,4,2013 bis 2018,NA,NA,Union,NA,Seehofer2,NA,NA
118d,Kabinett Söder1,NA,4,2018 bis 2018,NA,NA,Union,NA,Söder1,NA,NA
119d,Kabinett Söder2,NA,4,2018 bis 2023,NA,NA,Union,NA,Söder2,NA,NA
120d,Kabinett Söder3,NA,4,2023 bis jetzt,NA,NA,Union,NA,Söder3,NA,NA
121d,Süddeutsche Zeitung,NA,3,NA,NA,NA,NA,2,NA,NA,NA
122d,Berliner Morgenpost,NA,3,NA,NA,NA,NA,2,NA,NA,NA
123d,intv,NA,3,NA,NA,NA,NA,2,NA,NA,NA
124d,Oberpfalz TV,NA,3,NA,NA,NA,NA,2,NA,NA,NA
125d,TVA Ostbayern,NA,3,NA,NA,NA,NA,2,NA,NA,NA
126d,ProSiebenSat.1 Media,NA,3,NA,NA,NA,NA,2,NA,NA,NA
128d,Münchner Merkur,NA,3,NA,NA,NA,NA,2,NA,NA,NA
130d,IHK Schwaben,NA,3,NA,NA,NA,NA,2,NA,NA,NA
131d,Springer Fachmedien München,NA,3,NA,NA,NA,NA,2,NA,NA,NA
133d,Hubert Burda,NA,3,NA,NA,NA,NA,2,NA,NA,NA
134d,Mediengruppe Pressedruck,NA,3,NA,NA,NA,NA,2,NA,NA,NA
135d,Emder Zeitung Verlag,NA,3,NA,NA,NA,NA,2,NA,NA,NA
136d,Internet World Business,NA,3,NA,NA,NA,NA,2,NA,NA,NA
137d,Mayer & Söhne Druck- und Mediengruppe GmbH & Co. KG,Na,3,NA,NA,NA,NA,2,NA,NA,NA
138d,Wort und Bild Verlag,NA,3,NA,NA,NA,NA,2,NA,NA,NA
139d,OVB24,NA,3,NA,NA,NA,NA,2,NA,NA,NA
140d,München TV,NA,3,NA,NA,NA,NA,2,NA,NA,NA
141d,ARTE,NA,3,NA,NA,NA,NA,1,NA,NA,NA
142d,Deutsche Druck- und Verlagsgesellschaf,NA,3,NA,NA,NA,NA,2,NA,NA,NA
144d,Agence France Presse,NA,3,NA,NA,NA,NA,2,NA,NA,NA
145d,Union Deutsche Verlagsgesellschaft,NA,3,NA,NA,NA,NA,2,NA,NA,NA
146d,Franken TV,NA,3,NA,NA,NA,NA,2,NA,NA,NA
148d,Mediengruppe Bayern GmbH,NA,3,NA,NA,NA,NA,2,NA,NA,NA
149d,Mediengruppe Attenkofer,NA,3,NA,NA,NA,NA,2,NA,NA,NA
150d,Sky Deutschland,NA,3,NA,NA,NA,NA,2,NA,NA,NA
151d,Eurosport,NA,3,NA,NA,NA,NA,2,NA,NA,NA
152d,Radio PrimaTon,NA,3,NA,NA,NA,NA,2,NA,NA,NA
153d,Report Wirtschaftsmagazin,NA,3,NA,NA,NA,NA,2,NA,NA,NA
154d,Bauer Media Group,NA,3,NA,NA,NA,NA,2,NA,NA,NA
155d,Funke Mediengruppe,NA,3,NA,NA,NA,NA,2,NA,NA,NA
158d,Saarländischer Rundfunk,NA,3,NA,NA,NA,NA,1,NA,NA,NA
159d,Verlag Nürnberger Presse,NA,3,NA,NA,NA,NA,2,NA,NA,NA
160d,MDHL,NA,3,NA,NA,NA,NA,2,NA,NA,NA
161d,Antenne Bayern,NA,3,NA,NA,NA,NA,2,NA,NA,NA
162d,Springer Fachmedien Wiesbaden,NA,3,NA,NA,NA,NA,2,NA,NA,NA
163d,Niederbayern TV,NA,3,NA,NA,NA,NA,2,NA,NA,NA
164d,MDR,NA,3,NA,NA,NA,NA,1,NA,NA,NA
loz,Lokalzeitungen,NA,3,NA,NA,NA,NA,2,NA,NA,NA
lor,Lokalradio,NA,3,NA,NA,NA,NA,2,NA,NA,NA
ard,ARD,NA,3,NA,NA,NA,NA,1,NA,NA,NA
zdf,ZDF,NA,3,NA,NA,NA,NA,1,NA,NA,NA
sz,Süddeutsche Zeiung,NA,3,NA,NA,NA,NA,2,NA,NA,NA
taz,Taz,NA,3,NA,NA,NA,NA,2,NA,NA,NA
dsp,Spiegel,NA,3,NA,NA,NA,NA,2,NA,NA,NA
dpa,Deutsche Presse Agentur,NA,3,NA,NA,NA,NA,2,NA,NA,NA
rnd,Redaktionsnetzwerk Deutschland,NA,3,NA,NA,NA,NA,2,NA,NA,NA
hbl,Handelsblatt,NA,3,NA,NA,NA,NA,2,NA,NA,NA
axsp,Axel Springer,NA,3,NA,NA,NA,NA,2,NA,NA,NA
rtl,RTL,NA,3,NA,NA,NA,NA,2,NA,NA,NA
foc,Focus,NA,3,NA,NA,NA,NA,2,NA,NA,NA
az,Abendzeitung,NA,3,NA,NA,NA,NA,2,NA,NA,NA
br,BR,NA,3,NA,NA,NA,NA,1,NA,NA,NA
swr,SWR,NA,3,NA,NA,NA,NA,1,NA,NA,NA
rbb,RBB,NA,3,NA,NA,NA,NA,1,NA,NA,NA
wdr,WDR,NA,3,NA,NA,NA,NA,1,NA,NA,NA
spd,spd,NA,5,NA,NA,NA,SPD,NA,NA,NA,NA
union,Union,NA,5,NA,NA,NA,Union,NA,NA,NA,NA
gruene,Grüne,NA,5,NA,NA,NA,Grüne,NA,NA,NA,NA
fdp,FDP,NA,5,NA,NA,NA,FDP,NA,NA,NA,NA
bka,Bundeskanzleramt,NA,2,NA,NA,NA,NA,NA,NA,NA,NA
sk,Stefan Kornelius,1,1,2025 bis jetzt,1,NA,NA,1,2,SZ,Bundeskanzleramt
k1,Kabinett 1 - Merkel,NA,4,2017 bis 2021,NA,NA,CDU,NA,1,NA,NA
k2,Kabinett 2 - Merz,NA,4,2025 bis jetzt,NA,NA,CDU,NA,2,NA,NA
k3,Kabinett 3 - Scholz,NA,4,2021 bis 2025,NA,NA,SPD,NA,3,NA,NA
sm,Steffen Meyer,1,1,2025 bis jetzt,3,NA,SPD,NA,2,NA,Bundeskanzleramt
bmvg,Bundesministerium für Verteidigung,NA,2,NA,NA,NA,NA,NA,NA,NA,NA
ms,Michael Stempfle,1,1,2023 bis jetzt,1,NA,SPD,1,2,ARD,Bundesministerium für Verteidigung
mm,Mitko Müller,1,1,2025 bis jetzt,5,NA,NA,NA,2,NA,Bundesministerium für Verteidigung
aa,Auswärtiges Amt,NA,2,NA,NA,NA,NA,NA,NA,NA,NA
kd,Kathrin Deschauer,2,1,2025 bis jetzt,4,NA,NA,NA,2,NA,Auswärtiges Amt
mg,Martin Giese,1,1,2025 bis jetzt,4,NA,NA,NA,2,NA,Auswärtiges Amt
bmi,Bundesministerium für Inneres,NA,2,NA,NA,NA,NA,NA,NA,NA,NA
sf,Sarah Frühauf,2,1,2025 bis jetzt,1,NA,NA,1,2,"ARD, MDR",Bundesministerium für Inneres
sko,Sonja Kock,2,1,2025 bis jetzt,4,NA,NA,NA,2,NA,Bundesministerium für Inneres
bmf,Bundesministerium für Finanzen,NA,2,NA,NA,NA,NA,NA,NA,NA,NA
mk,Maximilian Kall,1,1,2025 bis jetzt,3,NA,NA,NA,2,NA,Bundesministerium für Finanzen
al,Alma Laiadhi,2,1,2025 bis jetzt,5,NA,NA,NA,2,NA,Bundesministerium für Finanzen
bmwe,Bundesministerium für Wirtschaft,NA,2,NA,NA,NA,NA,NA,NA,NA,NA
kw,Korbinian Wagner,1,1,2023 bis jetzt,4,NA,NA,NA,2,NA,Bundesministerium für Wirtschaft
su,Susanne Ungrad,2,1,2023 bis jetzt,3,NA,NA,NA,2,NA,Bundesministerium für Wirtschaft
bmleh,"Bundesministerium für Landwirtschaft, Ernährung und Heimat",NA,2,NA,NA,NA,NA,NA,NA,NA,NA
sb,Silke Brandt,2,1,2025 bis jetzt,1,NA,NA,1,2,"n-tv, Deutsche Welle, BR","Bundesministerium für Landwirtschaft, Ernährung und Heimat"
fp,Felix Poetschke,1,1,2025 bis jetzt,4,NA,Die Grünen,NA,2,NA,"Bundesministerium für Landwirtschaft, Ernährung und Heimat"
bmz,Bundesministerium für wirtschaftliche Zusammenarbeit und Entwicklung,NA,2,NA,NA,NA,NA,NA,NA,NA,NA
ld,Lena Daldrup,2,1,2025 bis jetzt,3,NA,SPD,NA,2,NA,Bundesministerium für wirtschaftliche Zusammenarbeit und Entwicklung
aab,Aline Abboud,2,1,2025 bis jetzt,1,NA,NA,1,2,"ARD, ZDF",Bundesministerium für wirtschaftliche Zusammenarbeit und Entwicklung
bmjv,Bundesministerium für Justiz und Verwaltung,NA,2,NA,NA,NA,NA,NA,NA,NA,NA
jc,Julia Camerer,2,1,2025 bis jetzt,1,NA,SPD,1,2,"Bild, n-tv, ARD, rbb",Bundesministerium für Justiz und Verbraucherschutz
eh,Eike Hosemann,1,1,2025 bis jetzt,3,NA,CDU,NA,2,NA,Bundesministerium für Justiz und Verbraucherschutz
bmv,Bundeministerium für Verkehr,NA,2,NA,NA,NA,NA,NA,NA,NA,NA
gl,Georg Link,1,1,2025 bis jetzt,1,NA,CDU,1,2,SWR,Bundesministerium für Verkehr
jb,Johannes Blankenheim,1,1,2025 bis jetzt,4,NA,NA,NA,2,NA,Bundesministerium für Verkehr
bmg,Bundesministerium für Gesundheit,NA,2,NA,NA,NA,NA,NA,NA,NA,NA
hb,Hannes Böckel,1,1,2025 bis jetzt,3,NA,CDU,NA,2,NA,Bundesministerium für Gesundheit
sg,Sebastian Gülde,1,1,2025 bis jetzt,1,NA,NA,2,2,Helios Media,Bundesministerium für Gesundheit
hme,Helios Medien,NA,3,NA,NA,NA,NA,2,NA,NA,NA
bmu,"Bundesministerium für Umwelt, Klimaschutz, Naturschutz und nukleare Sicherheit",NA,2,NA,NA,NA,NA,NA,NA,NA,NA
nf,Nikolai Fichtner,1,1,2025 bis jetzt,"2,4",NA,NA,2,2,taz,"Bundesministerium für Umwelt, Klimaschutz, Naturschutz und nukleare Sicherheit"
ak,Andreas Kübler,1,1,2025 bis jetzt,NA,NA,NA,NA,2,NA,"Bundesministerium für Umwelt, Klimaschutz, Naturschutz und nukleare Sicherheit"
bmb,"Bundesministerium für Bildung, Familie, Senioren, Frauen und Jugend",NA,2,NA,NA,NA,NA,NA,NA,NA,NA
apf,Anja Pfeffermann,2,1,2025 bis jetzt,"4,6",NA,CDU,NA,2,NA,"Bundesministerium für Bildung, Familie, Senioren, Frauen und Jugend"
dl,Dominik Lenz,1,1,2025 bis jetzt,NA,NA,NA,"1,2",2,"FAZ, rbb, Stimme Russlands und Zenith","Bundesministerium für Bildung, Familie, Senioren, Frauen und Jugend"
faz,Frankfurter Allgemeine Zeitung,NA,3,NA,NA,NA,NA,2,NA,NA,NA
str,Stimme Russlands,NA,3,NA,NA,NA,NA,2,NA,NA,NA
ze,Zenith,NA,3,NA,NA,NA,NA,2,NA,NA,NA
bmds,Bundesministerium für Digitales und Staatsmodernisierung,NA,2,NA,NA,NA,NA,NA,NA,NA,NA
bk,Betty Kieß,2,1,2025 bis jetzt,"4,6",NA,CDU,NA,2,NA,Bundesministerium für Digitales und Staatsmodernisierung
fd,Florian Druckenthaner,1,1,2025 bis jetzt,"4,5,6",NA,NA,NA,2,NA,Bundesministerium für Digitales und Staatsmodernisierung
bmas,Bundesministerium für Arbeit & Soziales,NA,2,NA,NA,NA,NA,NA,NA,NA,NA
ie,Irene Etzkorn,2,1,2025 bis jetzt,"2,6",NA,NA,2,2,Potsdamer Allgemeine,Bundesministerium für Arbeit & Soziales
ts,Tim Stoltenberg,1,1,2025 bis jetzt,5,NA,NA,NA,2,NA,Bundesministerium für Arbeit & Soziales
bmftr,"Bundesministerium für Forschung, Technologie und Raumfahrt",NA,2,NA,NA,NA,NA,NA,NA,NA,NA
cha,Christina Harbusch,2,1,2025 bis jetzt,"2,4,6",NA,CDU,2,2,Herder Korrespondenz,"Bundesministerium für Forschung, Technologie und Raumfahrt"
ks,Kristin Schneidewindt,2,1,2025 bis jetzt,6,NA,NA,NA,2,NA,"Bundesministerium für Forschung, Technologie und Raumfahrt"
sh,Steffen Hebestreit,1,1,2021 bis 2025,"2,3,6",NA,SPD,2,3,"Frankfurter Rundschau, DuMont Redaktion",Bundeskanzleramt
wb,Wolfgang Büchner,1,1,2021 bis 2025,"2,6",NA,FDP,2,3,"Der Spiegel,Spiegel Online, dpa, rnd",Bundeskanzleramt
ct,Christian Thiels,1,1,2021 bis 2023,"1,6",3,NA,1,3,ARD,Bundesministerium für Verteidigung
ac,Arne Collatz,1,1,2021 bis 2023,5,6,NA,NA,3,NA,Bundesministerium für Verteidigung
cho,Christiane Hoffmann,2,1,2022 bis 2025,"1,2",NA,NA,"1,2",3,"Der Spiegel, Frankfurter Allgemeine",Bundeskanzleramt
sfi,Sebastian Fischer,1,1,2023 bis 2025,6,3,NA,NA,3,NA,Bundesministerium für Äußeres
cw,Christian Wagner,1,1,2021 bis 2025,4,3,NA,NA,3,NA,Bundesministerium für Äußeres
nk,Nadine Kalwey,2,1,2021 bis 2025,6,6,NA,NA,3,NA,Bundesministerium für Finanzen
fl,Fabian Leber,1,1,2022 bis 2025,"1,2,6",3,FDP,"1,2",3,"SWR, Handelsblatt und der Tagesspiegel",Bundesministerium für Finanzen
tas,Der Tagesspiegel,NA,3,NA,NA,NA,NA,2,NA,NA,NA
bb,Beate Baron,2,1,2019 bis 2023,"5,6",3,NA,NA,3,NA,Bundesministerium für Wirtschaft
rs,Robert Säverin,1,1,2019 bis 2023,3,3,NA,NA,3,NA,Bundesministerium für Wirtschaft
jm,Julian Mieth,1,1,2022 bis 2024,"2,6","3,6",NA,2,3,dpa,Bundesministerium für Landwirtschaft
eg,Ellen Großhans,2,1,2022 bis 2024,"2,4,6",4,NA,2,3,Leipziger Volkszeitung,Bundesministerium für Landwirtschaft
rz,Regina Zylka,2,1,2021 bis 2025,"2,4",6,NA,2,3,Berliner Zeitung,Bundesministerium für wirtschaftliche Zusammenarbeit und Entwicklung
us,Ulrich Schulte,1,1,2021 bis 2025,"2,3",6,NA,2,3,taz,Bundesministerium für Wohnen; Bundesministerium für Umwelt (2018 bis 2021)
bl,Bettina Lauer,2,1,2021 bis 2025,6,6,FDP,NA,3,NA,Bundesministerium für Verkehr und Digitales
skr,Stephanie Krüger,1,1,2021 bis 2024,"4,6",3,NA,NA,3,NA,Bundesministerium für Justiv
hk,Hanno Kautz,1,1,2018 bis 2025,2,3,NA,2,3,Bild,Bundesministerium für Gesundheit
ph,Parissa Hajebi,2,1,2021 bis 2024,6,6,NA,NA,3,NA,Bundesministerium für Gesundheit
msc,Michael Schroeren,1,1,2021 bis 2025,"2,3,6",NA,CDU,2,3,Berliner Morgenpost,Bundesministerium für Umwelt
mkl,Martin Kleinemas,1,1,2021 bis 2025,"2,6",6,NA,2,3,"Welt, Deutscher Bundeswehrverband",Bundesministerium für Bildung und Forschung
fh,Franziska Haas,2,1,2021 bis 2025,4,6,NA,NA,3,NA,Bundesministerium für Arbeit & Soziales
aka,Andreas Kappler,1,1,2021 bis 2025,"1,2,6","3,6",NA,"1,2",3,"RTL Aktuell, WDR",Bundesministerium für Bildung und Forschung
ss,Steffen Seibert,1,1,2010 bis 2021,1,3,CDU,1,1,"ZDF, heute-journal, hallo Deutschland",Bundeskanzleramt
ud,Ulrike Demmer,2,1,2016 bis 2021,1,1,NA,1,1,"rbb, SZ, ZDF, Der Spiegel, Focus, RedaktionsNetzwerk Deutschland",Bundeskanzleramt
mf,Martina Fietz,2,1,2018 bis 2021,1,NA,NA,"1,2",1,"WDR, ZDF, Die Welt, Focus Online",Bundeskanzleramt
ssh,Sabine Saphörster-Heimbach,2,1,2010 bis 2013,"2,3,6","3,4",CSU,2,1,RIAS (Radiosender im Amerikanischen Sektor),Bundeskanzleramt
gs,Georg Streiter,1,1,2011 bis 2018,"2,3","3,6",NA,2,1,"Bonner Rundschau, Bild, Stern",Bundeskanzleramt
cwi,Christiane Wirtz,2,1,2014 bis 2016,"2,6","2,5",NA,2,1,"SZ, Deutschlandfunk",Bundeskanzleramt
jf,Jens Flosdorff,1,1,2017 bis 2021,4,6,NA,NA,1,NA,Bundesministerium für Verteidigung
bn,Boris Nannt,1,1,2017 bis 2021,5,5,NA,NA,1,NA,Bundesministerium für Verteidigung
cb,Christofer Burger,1,1,2018 bis 2023,"3,6","3,6",NA,NA,1,NA,Bundesministerium für Äußeres
bg,Björn Grünwalder,1,1,2019 bis 2023,"3,6",6,NA,NA,1,NA,Bundesministerium für Inneres
dg,Daniel Greve,1,1,2017 bis 2021,6,6,CDU,NA,1,NA,Bundesministerium für Wirtschaft
ju,Jens Urban,1,1,2015 bis 2018; 2020-2021,"2,6",3,NA,NA,1,"Radio Charivari 98,6",Bundesministerium für Landwirtschaft
jg,Jan Grossarth,1,1,2019 bis 2020,"2,3","5,2",NA,2,1,"FAZ, SZ",Bundesministerium für Landwirtschaft
ka,Katja Angeli,2,1,2016 bis 2018,6,6,NA,NA,1,NA,Bundesministerium für Gesundheit
tj,Thomas Jäger,1,1,2017 bis 2021,6,6,NA,NA,1,NA,Bundesministerium für Bildung
shi,Sebastian Hille,1,1,2016 bis 2017,"2,4,6",6,CSU,2,"1,2",Das Parlament,Bundesministerium für Verkehr und Digitales; Bundeskanzleramt
dp,Das Parlament,NA,3,NA,NA,NA,NA,2,NA,NA,NA
dlf,Deutschlandfunk,NA,3,NA,NA,NA,NA,2,NA,NA,NA
ste,Stern,NA,3,NA,NA,NA,NA,2,NA,NA,NA
dmr,DuMont Redaktion,NA,3,NA,NA,NA,NA,2,NA,NA,NA
dbwv,Deutscher Bundeswehrverband,NA,3,NA,NA,NA,NA,2,NA,NA,NA
dwe,Deutsche Welle,NA,3,NA,NA,NA,NA,2,NA,NA,NA
ntv,n-tv,NA,3,NA,NA,NA,NA,2,NA,NA,NA
2c,Maurizio Gemmer,1,1,2023 bis jetzt,2,NA,NA,2,NA,WDR,Innenministerium
3c,Axel Birkenkämper,1,1,NA,NA,NA,NA,NA,NA,NA,"Arbeit, Gesundheit, Soziales"
4c,Fabian Schlabach,1,1,2019 bis jetzt,NA,NA,NA,NA,NA,NA,Finanzministerium
5c,Charlotte Schröder,2,1,2023 bis jetzt,2,NA,NA,2,NA,RTL,"Wirtschaft, Industrie, Klimaschutz & Energie"
6c,Frank Seidlitz,1,1,2022 bis jetzt,2,NA,NA,2,NA,Axel Springer AG,"Umwelt, Naturschutz & Verkehr"
7c,Jörg Harm,1,1,2022 bis jetzt,2,NA,NA,2,NA,NA,Schule & Bildung
8c,Dr. Marcus Strunk,1,1,NA,NA,NA,NA,NA,NA,NA,Justiz
9c,Désirée Linde,2,1,NA,NA,NA,NA,2,NA,NA,"Kinder, Familie, Flüchtlinge, Integration"
10c,Fabian Voß,1,1,2023 bis jetzt,NA,NA,NA,NA,NA,NA,"Kinder, Familie, Flüchtlinge, Integration"
11c,Juliana Stockheim,2,1,NA,NA,NA,NA,NA,NA,NA,"Kinder, Familie, Flüchtlinge, Integration"
12c,Mariam Karout,2,1,NA,NA,NA,NA,NA,NA,NA,"Kinder, Familie, Flüchtlinge, Integration"
13c,Ursula Kissel,2,1,NA,NA,NA,NA,NA,NA,NA,"Kinder, Familie, Flüchtlinge, Integration"
14c,Christian Wiermer,1,1,2017 bis 2025,2,NA,CDU,2,NA,DuMont- Gruppe,Regierungssprecher
15c,Axel Bäumer,1,1,2022 bis jetzt,3,NA,CDU,2,NA,NA,"Europa, Internationales, Medien/ Staatskanzlei"
16c,Fabian Götz,1,1,NA,NA,NA,NA,NA,NA,NA,"Kommunales, Bau und Digitalisierung"
17c,Gerrit Weber,1,1,2017- 2022,2,3,NA,2,NA,NA,Innenministerium
18c,Matthias Kietzmann,1,1,2011-2023,2,NA,NA,2,NA,FOCUS,"Wirtschaft, Industrie, Klimaschutz und Energie"
19c,Volker Stößel,1,1,2017-2018,2,NA,NA,2,NA,HHL Leipzig,"Wirtschaft, Innovation, Digitalisierung, Energie"
20c,Christian Voss,1,1,2022 bis jetzt,2,3,NA,NA,NA,NA,Ministeriums für Kultur und Wissenschaft
21c,Nikolai Huland,1,1,2021 bis jetzt,1,NA,NA,NA,NA,Dpa,Ministeriums für Kultur und Wissenschaft
22c,Britta Heidemann,2,1,NA,NA,NA,NA,NA,NA,NA,Ministeriums für Kultur und Wissenschaft
23c,Magdalena Bollmann,2,1,NA,NA,B,NA,NA,NA,NA,Ministeriums für Kultur und Wissenschaft
24c,Jochen Mohr,1,1,2019-2022,NA,3,NA,NA,NA,Westdeutsche Zeitung,Ministerium für Kultur und Wissenschaft
25c,Daniel Kölle,1,1,2017-2022,2,3,NA,2,NA,NA,Schule & Bildung
26c,Hermann Lamberty,1,1,2013-2017,NA,NA,NA,2,NA,Nordwestzeitung,Kultur und Wissenschaft
27c,Nordwestzeitung,NA,3,NA,NA,NA,NA,2,NA,NA,NA
28c,DuMont-Gruppe,NA,3,NA,NA,NA,NA,2,NA,NA,NA
29c,Westdeutsche Zeitung,NA,3,NA,NA,NA,NA,2,NA,NA,NA
30c,Innenministerium NRW,NA,2,NA,NA,NA,NA,NA,NA,NA,NA
31c,"Arbeit, Gesundheit, Soziales NRW",NA,2,NA,NA,NA,NA,NA,NA,NA,NA
32,Finanzministerium NRW,NA,2,NA,NA,NA,NA,NA,NA,NA,NA
33c,"Wirtschaft, Industrie, Klimaschutz & Energie NRW",NA,2,NA,NA,NA,NA,NA,NA,NA,NA
34c,"Umwelt, Naturschutz & Verkehr NRW",NA,2,NA,NA,NA,NA,NA,NA,NA,NA
35c,Schule & Bildung NRW,NA,2,NA,NA,NA,NA,NA,NA,NA,NA
36c,Justizministerium NRW,NA,2,NA,NA,NA,NA,NA,NA,NA,NA
37c,"Kinder, Familie, Flüchtlinge, Integration NRW",NA,2,NA,NA,NA,NA,NA,NA,NA,NA
38c,"Europa, Internationales, Medien/ Staatskanzlei NRW",NA,2,NA,NA,NA,NA,NA,NA,NA,NA
39c,"Wirtschaft, Innovation, Digitalisierung, Energie NRW",NA,2,NA,NA,NA,NA,NA,NA,NA,NA
40c,Kultur & Wissenschaft NRW,NA,2,NA,NA,NA,NA,NA,NA,NA,NA
41c,"Kommunales, Bau und Digitalisierung NRW",NA,2,NA,NA,NA,NA,NA,NA,NA,NA
42c,HHL Leipzig,NA,2,NA,NA,NA,NA,NA,NA,NA,NA
43c,Finanzministerium,NA,2,NA,NA,NA,NA,NA,NA,NA,NA
44c,Regierungssprecher,NA,2,NA,NA,NA,NA,NA,NA,NA,NA
MGb,Matthias Gauger,1,1,2022 bis jetzt,3,NA,Grüne,NA,NA,NA,Staatsministerium BW
ABb,Arne Braun,1,1,2021 bis 2022,3,3,NA,NA,NA,NA,Staatsministerium BW
NEAb,Nadia El Almi,2,1,2016 bis jetzt,4,NA,NA,NA,NA,NA,"Ministerium des Inneren, für Kommunen und Digitalisierung BW"
CDb,Carsten Dehner,1,1,2015 bis jetzt,NA,NA,NA,NA,NA,NA,"Ministerium des Inneren, für Kommunen und Digitalisierung BW"
SEb,Sebastian Engelmann,1,1,2021 bis jetzt,1,NA,NA,1,NA,"SWR, ZDF",Finanzministerium BW
JBb,Jasmin Bühler,2,1,NA,NA,NA,NA,NA,NA,NA,Finanzministerium BW
JSb,Jochen Schönmann,1,1,2023 bis jetzt,"4,2",NA,NA,2,NA,"Spiegel online, AP, taz, Manager Magazin","Ministerium für Kultus, Jugend und Sport BW"
FSb,Fabian Schmidt,1,1,2021 bis jetzt,2,NA,NA,2,NA,Eßlinger Zeitung,"Ministerium für Kultus, Jugend und Sport BW"
RBb,Roland Böhm,1,1,2019 bis jetzt,2,NA,NA,2,NA,"dpa, General-Anzeiger Bonn","Ministerium für Wissenschaft, Forschung und Kunst BW"
MSb,Matthias Schmid,1,1,2025 bis jetzt,2,NA,NA,2,NA,SZ,"Ministerium für Wissenschaft, Forschung und Kunst BW"
SBb,Steffen Becker,1,1,NA,NA,NA,NA,NA,NA,NA,"Ministerium für Umwelt, Klima und Energiewirtschaft BW"
CHb,Claudia Hailfinger,2,1,NA,2,NA,NA,2,NA,Reutlinger General-Anzeiger,"Ministerium für Umwelt, Klima und Energiewirtschaft BW"
ASb,Armin Schulz,1,1,2021 bis jetzt,2,NA,NA,2,NA,"Schwarzwälder Bote, Bietigheimer Zeitung","Ministerium für Wirtschaft, Arbeit und Tourismus BW"
MISb,Miriam Schimmele,2,1,2022 bis jetzt,4,NA,NA,NA,NA,NA,"Ministerium für Wirtschaft, Arbeit und Tourismus BW"
MJb,Markus Jox,1,1,2016 bis jetzt,"2,3",NA,NA,2,NA,"taz, Abendzeitung","Ministerium für Soziales, Gesundheit und Integration BW"
CKb,Claudia Krüger,2,1,NA,NA,NA,Grüne,NA,NA,NA,"Ministerium für Soziales, Gesundheit und Integration BW"
AHb,Anna Härle,2,1,2022 bis 2024,5,"3,5",NA,NA,NA,NA,Ministerium der Justiz und für Migration BW
JKb,Jenna Krause,2,1,NA,NA,NA,NA,NA,NA,NA,Ministerium der Justiz und für Migration BW
BHb,Benjamin Hechler,1,1,2024 bis jetzt,6,NA,Grüne,NA,NA,NA,Verkehrsministerium BW
WBb,Wenke Böhm,2,1,2021 bis jetzt,"2,4",NA,NA,2,NA,"Stuttgarter Zeitung, dpa, Heilbronner Stimme",Verkehrsministerium BW
JEb,Jonas Esterl,1,1,NA,NA,NA,CDU,NA,NA,NA,"Ministerium für Ernährung, Ländlichen Raum und Verbraucherschutz BW"
SSb,Sebastian Schreiber,1,1,2021 bis jetzt,4,NA,NA,NA,NA,NA,"Ministerium für Ernährung, Ländlichen Raum und Verbraucherschutz BW"
RWb,Rainer Wehaus,1,1,2021 bis jetzt,2,NA,NA,2,NA,Stuttgarter Nachrichten,Ministerium für Landesentwicklung und Wohnen BW
RHb,Rudi Hoogvliet,1,1,2011 bis jetzt,6,NA,Grüne,NA,NA,NA,Staatsministerium BW
DBb,Denise Burgert,2,1,2016 bis jetzt,6,NA,NA,NA,NA,NA,"Ministerium für Wissenschaft, Forschung und Kunst BW"
AAb,Aniello Ambrosio,1,1,2024 bis 2025,6,3,CDU,NA,NA,NA,Ministerium der Justiz und für Migration BW
GCb,Dr. Gunter Carra,1,1,NA,5,3,NA,NA,NA,NA,Ministerium der Justiz und für Migration BW
ENb,Edgar Neumann,1,1,2011 bis 2024,2,NA,NA,NA,NA,dpa,Verkehrsministerium BW
BRb,Benedikt Reinhard,1,1,2021 bis jetzt,"6,2",NA,NA,2,NA,"Dr. Josef Raabe Verlag, kicker","Ministerium für Kultus, Jugend und Sport BW"
HLb,Hans Lange,1,1,2012 bis jetzt,NA,NA,NA,NA,NA,NA,"Ministerium für Kultus, Jugend und Sport BW"
BJb,Bettina Jehne,2,1,2022,2,NA,Grüne,2,NA,"Schwäbische Zeitung, Reutlinger General-Anzeiger,","Ministerium für Umwelt, Klima und Energiewirtschaft BW"
IKb,Isabel Kling,2,1,2016 bis 2023,6,3,CDU,NA,NA,NA,"Ministerium für Ernährung, Ländlichen Raum und Verbraucherschutz BW"
RSb,Robin Schray,1,1,2016 bis 2022,5,NA,CDU,NA,NA,NA,Ministerium der Justiz und für Migration BW
MEJb,Melanie Jerger,2,1,2021,NA,NA,NA,NA,NA,NA,"Ministerium für Wirtschaft, Arbeit und Tourismus BW"
KLb,Katja Lumpp,2,1,2021,NA,NA,NA,NA,NA,NA,"Ministerium für Wirtschaft, Arbeit und Tourismus BW"
RHb,Ralf Heineken,1,1,2011 bis 2022,1,4,NA,1,NA,SWR,"Ministerium für Umwelt, Klima und Energiewirtschaft BW"
CSb,Christine Sattler,2,1,2020,NA,NA,SPD,NA,NA,NA,"Ministerium für Kultus, Jugend und Sport BW"
MASb,Martina Schäfer,2,1,2019 bis 2021,NA,NA,NA,NA,NA,NA,Finanzministerium BW
AMb,Antje Mohrmann,2,1,2018 bis heute,6,NA,NA,NA,NA,NA,Finanzministerium BW
JNHb,John-Nicolas Heinemann,1,1,2019,NA,NA,NA,NA,NA,NA,Finanzministerium BW
MRb,Michaela Reiter,2,1,2019,NA,NA,NA,NA,NA,NA,Finanzministerium BW
SWb,Silke Walter,2,1,2016 bis 2021,"2,6",4,NA,2,NA,Bild,"Ministerium für Wirtschaft, Arbeit und Wohnungsbau BW"
EGb,Elena Gihr,2,1,2021,NA,NA,NA,NA,NA,NA,"Ministerium für Kultus, Jugend und Sport BW"
ERb,Eberhard Renz,1,1,2016 bis heute,"2,4",NA,NA,2,NA,Stuttgarter Zeitung,"Ministerium für Kultus, Jugend und Sport BW"
staab,Staatsministerium BW,NA,2,NA,NA,NA,NA,NA,NA,NA,NA
innb,"Ministerium des Inneren, für Kommunen und Digitalisierung BW",NA,2,NA,NA,NA,NA,NA,NA,NA,NA
fib,Finanzministerium BW,NA,2,NA,NA,NA,NA,NA,NA,NA,NA
kulb,"Ministerium für Kultus, Jugend und Sport BW",NA,2,NA,NA,NA,NA,NA,NA,NA,NA
wissb,"Ministerium für Wissenschaft, Forschung und Kunst BW",NA,2,NA,NA,NA,NA,NA,NA,NA,NA
umwb,"Ministerium für Umwelt, Klima und Energiewirtschaft BW",NA,2,NA,NA,NA,NA,NA,NA,NA,NA
wirtb,"Ministerium für Wirtschaft, Arbeit und Tourismus BW",NA,2,NA,NA,NA,NA,NA,NA,NA,NA
sozib,"Ministerium für Soziales, Gesundheit und Integration BW",NA,2,NA,NA,NA,NA,NA,NA,NA,NA
justizb,Ministerium der Justiz und für Migration BW,NA,2,NA,NA,NA,NA,NA,NA,NA,NA
verkb,Verkehrsministerium BW,NA,2,NA,NA,NA,NA,NA,NA,NA,NA
ernaeb,"Ministerium für Ernährung, Ländlichen Raum und Verbraucherschutz BW",NA,2,NA,NA,NA,NA,NA,NA,NA,NA
wohnb,Ministerium für Landesentwicklung und Wohnen BW,NA,2,NA,NA,NA,NA,NA,NA,NA,NA
mmb,Manager Magazin,NA,3,NA,NA,NA,NA,NA,NA,NA,NA
ap,AP,NA,3,NA,NA,NA,NA,NA,NA,NA,NA
stz,Stuttgarter Zeitung,NA,3,NA,NA,NA,NA,NA,NA,NA,NA
stn,Stuttgarter Nachrichten,NA,3,NA,NA,NA,NA,NA,NA,NA,NA
jrv,Dr. Josef Raabe Verlag,NA,3,NA,NA,NA,NA,NA,NA,NA,NA

kick,kicker,NA,3,NA,NA,NA,NA,NA,NA,NA,NA
